{"blindLevels": [{"blinds": [0, 1, 2, 0, 0, 0, 0, 0, 0], "antes": [0, 0, 0, 0, 0, 0, 0, 0, 0], "smallestDenomination": 1}], "breaks": [], "denominations": {"blue": 1, "green": 25, "purple": 2, "red": 5, "rf-black-100": 100, "rf-brown": 25000, "rf-green-25": 25, "rf-grey-1": 1, "rf-orange": 5000, "rf-pink": 100, "rf-purple-500": 500, "rf-red": 500, "rf-red-5": 5, "rf-yellow": 1000}, "mode": "cash", "payouts": [15948, 9562, 5100, 4462, 3825, 3187, 2550, 1912, 1275], "settings": {"potIncludesBets": true, "showWinner": false}, "straddle": {"max": 10000, "min": 4, "priority": ["btn", "utg"]}, "title": "RF Test Game", "variation": "nlh", "video": {"all": 5, "atemIp": "192.168.1.240", "communityDelay": "4", "overhead": 6, "players": [1, 1, 2, 2, 3, 3, 3, 4, 4]}}