{
    "mode": "cash",
    "variation": "nlh",
    "blinds": [
        {
            "small_blind": 2,
            "big_blind": 5,
            "antes": 0,
            "time": -1
        }
    ],
    "smallest_denomination": 1,
    "straddle": {
        "priority": ["btn", "co", "hj", "lj", "+2", "+1", "utg"],
        "min": 10,
        "max": 30
    },
    "breaks": [],
    "denominations": {
        "blue": 1,
        "purple": 2,
        "red": 5,
        "green": 25,
        "rf-pink": 1,
        "rf-yellow": 2,
        "rf-red": 5,
        "rf-orange": 25,
        "rf-brown": 100
    }
}